location_id,name,latitude,longitude,num_reviews,rating,neighborhoods,address_obj,address
308884,Khan Al-Khalili,30.11914,31.31925,3888,4,ain shams,"{'street1': None, 'street2': None, 'city': 'Cairo', 'state': None, 'country': 'Egypt', 'postalcode': None}",Cairo Egypt
6206087,Cairo Festival City Mall,30.02855,31.40939,404,4.5,al-qahirah al jadidah,"{'street1': None, 'street2': None, 'city': 'Cairo', 'state': None, 'country': 'Egypt', 'postalcode': '171-11835'}",Cairo 171-11835 Egypt
4887739,City Stars Mall,30.072998,31.346048,438,4.5,Madinat Nasr 1 ,"{'street1': 'Omar Ibn El Khattab St. Masaken Al Mohandesin', 'street2': None, 'city': 'Cairo', 'state': None, 'country': 'Egypt', 'postalcode': '11511'}","Omar Ibn El Khattab St. Masaken Al Mohandesin, Cairo 11511 Egypt"
2558683,Mall of Arabia Cairo,30.006086,30.97342,223,4.5,6th of october,"{'street1': 'Mehwer 26th July,6th of October City', 'street2': 'Juhaynah Square', 'city': 'Cairo', 'state': None, 'country': 'Egypt', 'postalcode': '11511'}","Mehwer 26th July,6th of October City Juhaynah Square, Cairo 11511 Egypt"
10947660,Katameya downtown mall,30.017962,31.413061,22,4,al-qahirah al jadidah,"{'street1': '90 5th District Road', 'street2': None, 'city': 'Cairo', 'state': None, 'country': 'Egypt', 'postalcode': '11511'}","90 5th District Road, Cairo 11511 Egypt"
1005681,Street of the Tentmakers (Sharia Khayamiya),30.05148,31.2693,27,5,al jamalya,"{'street1': 'Islamic Cairo', 'street2': '', 'city': 'Cairo', 'state': None, 'country': 'Egypt', 'postalcode': '11511'}","Islamic Cairo, Cairo 11511 Egypt"
480160,Birqash Camel Market (Souq al-Gamaal),30.148409,30.997078,29,4.5,imbaba,"{'street1': 'Barqash, Imbaba, Cairo, Egypt', 'street2': '', 'city': 'Cairo', 'state': None, 'country': 'Egypt', 'postalcode': '11511'}","Barqash, Imbaba, Cairo, Egypt, Cairo 11511 Egypt"
1986211,Suuq el Ataba,30.112833,31.291239,13,4,al amirya,"{'street1': '', 'street2': '', 'city': 'Cairo', 'state': None, 'country': 'Egypt', 'postalcode': ''}",Cairo Egypt
10284590,Genena Mall,30.07494,31.24598,27,3.5,shobra,"{'street1': '9 El-Batrawy st', 'street2': None, 'city': 'Cairo', 'state': None, 'country': 'Egypt', 'postalcode': '11511'}","9 El-Batrawy st, Cairo 11511 Egypt"
13646459,SunCity Mall,30.10257,31.386337,8,4,Madinat Nasr 1 ,"{'street1': 'El-Nasr Road', 'street2': None, 'city': 'Cairo', 'state': None, 'country': 'Egypt', 'postalcode': '11511'}","El-Nasr Road, Cairo 11511 Egypt"
12791883,The District,30.091389,31.383947,8,5,Madinat Nasr 1 ,"{'street1': None, 'street2': 'Wadi Degla', 'city': 'Cairo', 'state': None, 'country': 'Egypt', 'postalcode': '11361'}","Wadi Degla, Cairo 11361 Egypt"
3810365,Oum El Dounia Gallery,0,0,32,4.5,abdin,"{'street1': 'Rd 23 off El Nadi st, behind Dina Farms Supermarket', 'street2': 'Downtown', 'city': 'Cairo', 'state': None, 'country': 'Egypt', 'postalcode': '11511'}","Rd 23 off El Nadi st, behind Dina Farms Supermarket Downtown, Cairo 11511 Egypt"
469361,Souk al Fustat,30.008413,31.231256,10,4,Misr al qadima,"{'street1': 'Corner el Emam Street and Hassan al Anwar Street', 'street2': 'Old Cairo', 'city': 'Cairo', 'state': None, 'country': 'Egypt', 'postalcode': '11511'}","Corner el Emam Street and Hassan al Anwar Street Old Cairo, Cairo 11511 Egypt"
1986208,Tent Market,30.042114,31.257498,11,4.5,darb el ahmar,"{'street1': 'Qasaba of Radwan Bay', 'street2': '', 'city': 'Cairo', 'state': None, 'country': 'Egypt', 'postalcode': '11511'}","Qasaba of Radwan Bay, Cairo 11511 Egypt"
10110040,Sunny Land,0,0,8,4.5,al jamalya,"{'street1': '68 Gohar El Kaed street. Khan El Khalili', 'street2': None, 'city': 'Cairo', 'state': None, 'country': 'Egypt', 'postalcode': '11511'}","68 Gohar El Kaed street. Khan El Khalili, Cairo 11511 Egypt"
10177803,Tiba Outlet Mall,30.067694,31.330034,12,3,Madinat Nasr 1 ,"{'street1': '75 Al Nasr Road', 'street2': None, 'city': 'Cairo', 'state': None, 'country': 'Egypt', 'postalcode': '11511'}","75 Al Nasr Road, Cairo 11511 Egypt"
10202054,Arkadia Mall,30.06924,31.226992,9,3,rud el farag,"{'street1': '4 A Nile Corniche, Maspero', 'street2': None, 'city': 'Cairo', 'state': None, 'country': 'Egypt', 'postalcode': '11511'}","4 A Nile Corniche, Maspero, Cairo 11511 Egypt"
472333,Townhouse Gallery,0,0,10,5,qasr el nile,"{'street1': ""Hussein El Me'mar Pasha Street"", 'street2': '', 'city': 'Cairo', 'state': None, 'country': 'Egypt', 'postalcode': '11511'}","Hussein El Me'mar Pasha Street, Cairo 11511 Egypt"
3825050,Old Egypt For Fine Art,30.05326,31.262377,4,4.5,al jamalya,"{'street1': 'El Moez Ledin Allah El Fatemy st.', 'street2': 'Azhar', 'city': 'Cairo', 'state': None, 'country': 'Egypt', 'postalcode': '11511'}","El Moez Ledin Allah El Fatemy st. Azhar, Cairo 11511 Egypt"
3806172,Zamalek Art Gallery,30.06132,31.22304,2,4,Zamalek,"{'street1': '11 Brazil St.', 'street2': 'Zamalek', 'city': 'Cairo', 'state': None, 'country': 'Egypt', 'postalcode': '11511'}","11 Brazil St. Zamalek, Cairo 11511 Egypt"
13000833,Picasso East art gallery,30.01736,31.447748,1,5,al-qahirah al jadidah,"{'street1': None, 'street2': None, 'city': 'Cairo', 'state': None, 'country': 'Egypt', 'postalcode': None}",Cairo Egypt
1554916,Market Mix  Egyptian Handcrafts,30.063223,31.218037,2,4.5,Zamalek,"{'street1': '19 Mansour Mohamed Street', 'street2': 'First Floor - Office', 'city': 'Cairo', 'state': None, 'country': 'Egypt', 'postalcode': '11511'}","19 Mansour Mohamed Street First Floor - Office, Cairo 11511 Egypt"
3844101,Galleria Le Petit Louvre - Antique,30.0593,31.22288,1,5,Zamalek,"{'street1': '18 Mahmoud Azmy St.', 'street2': 'Zamalek', 'city': 'Cairo', 'state': None, 'country': 'Egypt', 'postalcode': '11511'}","18 Mahmoud Azmy St. Zamalek, Cairo 11511 Egypt"
3720947,Paris Gallery,30.06163,31.22245,1,4,Zamalek,"{'street1': '30 Hassan Assem St. Zamalek', 'street2': None, 'city': 'Cairo', 'state': None, 'country': 'Egypt', 'postalcode': '11511'}","30 Hassan Assem St. Zamalek, Cairo 11511 Egypt"
3810378,Gallery Noun,0,0,1,5,Heliopolis,"{'street1': '4 Mahmoud Abou El Oyoun St. Off El Hegaz St.', 'street2': 'Heliopolis', 'city': 'Cairo', 'state': None, 'country': 'Egypt', 'postalcode': '11511'}","4 Mahmoud Abou El Oyoun St. Off El Hegaz St. Heliopolis, Cairo 11511 Egypt"
7001974,Arabisque Mall,30.02593,31.46482,1,5,al-qahirah al jadidah,"{'street1': None, 'street2': None, 'city': 'Cairo', 'state': None, 'country': 'Egypt', 'postalcode': None}",Cairo Egypt
3838069,Picasso Art Gallery Egypt,30.06163,31.22245,1,5,Zamalek,"{'street1': '30 Hassan Assem St.', 'street2': 'Zamalek', 'city': 'Cairo', 'state': None, 'country': 'Egypt', 'postalcode': '11511'}","30 Hassan Assem St. Zamalek, Cairo 11511 Egypt"
3802296,La Bodega Karim Francis Gallery,30.05922,31.22442,2,4,Zamalek,"{'street1': '157 26th of July St.', 'street2': 'Zamalek', 'city': 'Cairo', 'state': None, 'country': 'Egypt', 'postalcode': '11511'}","157 26th of July St. Zamalek, Cairo 11511 Egypt"
3824805,Center Of Arts,0,0,1,4,Zamalek,"{'street1': '1 El Maahad El Swesri St.', 'street2': 'Zamalek', 'city': 'Cairo', 'state': None, 'country': 'Egypt', 'postalcode': '11511'}","1 El Maahad El Swesri St. Zamalek, Cairo 11511 Egypt"
3953688,Lenhert & Landrock,30.0943,31.32272,2,4,Heliopolis,"{'street1': '44 Sherif Street', 'street2': None, 'city': 'Cairo', 'state': None, 'country': 'Egypt', 'postalcode': '11511'}","44 Sherif Street, Cairo 11511 Egypt"
3844069,Fine Art Gallery,30.06916,31.24477,1,4,shobra,"{'street1': '8 Gezeeret Badran St. Shoubra', 'street2': 'Shoubra', 'city': 'Cairo', 'state': None, 'country': 'Egypt', 'postalcode': '11511'}","8 Gezeeret Badran St. Shoubra Shoubra, Cairo 11511 Egypt"
15852600,Mashrabia Gallery of Contemporary Art,30.047499,31.23548,0,,qasr el nile,"{'street1': '8th Building,Champollion Street', 'street2': 'In Front of QNB bank - Downtown', 'city': 'Cairo', 'state': None, 'country': 'Egypt', 'postalcode': '11511'}","8th Building,Champollion Street In Front of QNB bank - Downtown, Cairo 11511 Egypt"
12705929,Mall of Egypt,29.971478,31.01854,89,4.5,6th of october,"{'street1': None, 'street2': None, 'city': 'Cairo', 'state': None, 'country': 'Egypt', 'postalcode': None}",Cairo Egypt
7370603,Nomad Gallery Egypt,29.98023,31.24149,26,5,dar as-salam,"{'street1': '14 Saray Elgezira St , 1st Floor ( Next to Tunisian Embassy)', 'street2': 'Right next to Tunisian Embassy , opposite squash court of Gezira Club, Zamalek', 'city': 'Cairo', 'state': None, 'country': 'Egypt', 'postalcode': '11511'}","14 Saray Elgezira St , 1st Floor ( Next to Tunisian Embassy) Right next to Tunisian Embassy , opposite squash court of Gezira Club, Zamalek, Cairo 11511 Egypt"
14210113,Travel Village,30.0593,31.35796,24,5,Madinat Nasr 1 ,"{'street1': 'Shubra', 'street2': None, 'city': 'Cairo', 'state': None, 'country': 'Egypt', 'postalcode': '00000'}","Shubra, Cairo 00000 Egypt"
16880289,Upper Sky Tours (Egypt),30.04881,31.2432,43,5,abdin,"{'street1': 'Gawad hosny', 'street2': '16 Gawad Hosny Street 5 Floor', 'city': 'Cairo', 'state': None, 'country': 'Egypt', 'postalcode': '11511'}","Gawad hosny 16 Gawad Hosny Street 5 Floor, Cairo 11511 Egypt"
12906975,Fair Trade Egypt,30.06047,31.22321,17,5,Zamalek,"{'street1': '27 Yehia Ibrahim, Mohammed Mazhar', 'street2': None, 'city': 'Cairo', 'state': None, 'country': 'Egypt', 'postalcode': '11511'}","27 Yehia Ibrahim, Mohammed Mazhar, Cairo 11511 Egypt"
19745704,Mamluk Jewellery and Bazaar,30.014801,31.242128,2,5,Misr al qadima,"{'street1': None, 'street2': None, 'city': 'Cairo', 'state': None, 'country': 'Egypt', 'postalcode': None}",Cairo Egypt
20308878,VG Tours,30.03697,31.25181,1,5,al khalifah,"{'street1': '1 Seket El fadel', 'street2': None, 'city': 'Cairo', 'state': None, 'country': 'Egypt', 'postalcode': '11511'}","1 Seket El fadel, Cairo 11511 Egypt"
19860680,Nefertari,0,0,1,5,el dooki,"{'street1': '53 Mossadak Street', 'street2': 'Kambez Street, Ad Doqi', 'city': 'Cairo', 'state': None, 'country': 'Egypt', 'postalcode': '11511'}","53 Mossadak Street Kambez Street, Ad Doqi, Cairo 11511 Egypt"
15247485,Hassan El Sisy,30.1463,31.2468,15,5,qasr el nile,"{'street1': '33 A Ramses Street', 'street2': '7th Floor', 'city': 'Cairo', 'state': None, 'country': 'Egypt', 'postalcode': '11511'}","33 A Ramses Street 7th Floor, Cairo 11511 Egypt"
8076701,Kadmar Travel,30.17,31.40737,9,5,salam 1 ,"{'street1': '15 Lebanon Street', 'street2': 'Mohandessin', 'city': 'Cairo', 'state': None, 'country': 'Egypt', 'postalcode': '14633'}","15 Lebanon Street Mohandessin, Cairo 14633 Egypt"
17223222,Egypt For Americans,30.06552,31.26035,6,5,al zahar,"{'street1': '107 W 9th St', 'street2': None, 'city': 'Cairo', 'state': None, 'country': 'Egypt', 'postalcode': '64105'}","107 W 9th St, Cairo 64105 Egypt"
17689728,The heart of kmt,29.97496,31.137947,6,5,al ahram,"{'street1': None, 'street2': None, 'city': 'Cairo', 'state': None, 'country': 'Egypt', 'postalcode': None}",Cairo Egypt
13803649,Ayad World Tours,30.06335,31.38315,18,5,al-qahirah al jadidah 2,"{'street1': '45 El Rashed Street', 'street2': None, 'city': 'Cairo', 'state': None, 'country': 'Egypt', 'postalcode': '11511'}","45 El Rashed Street, Cairo 11511 Egypt"
1176810,Nomad,30.1356,31.24767,10,5,shobra,"{'street1': '16 Saraya Al Gezira', 'street2': '1st Floor, Cairo Marriott', 'city': 'Cairo', 'state': None, 'country': 'Egypt', 'postalcode': '11511'}","16 Saraya Al Gezira 1st Floor, Cairo Marriott, Cairo 11511 Egypt"
7110559,Maadi City Centre,30.04681,31.40578,20,4,maadi,"{'street1': 'Egypt Cairo Ring Rd', 'street2': 'El Maadi', 'city': 'Cairo', 'state': None, 'country': 'Egypt', 'postalcode': '11511'}","Egypt Cairo Ring Rd El Maadi, Cairo 11511 Egypt"
4737671,Sufi Bookstore & More,30.06014,31.22279,10,4,Zamalek,"{'street1': '12 Sayed El Bakry street, Zamalek', 'street2': '', 'city': 'Cairo', 'state': None, 'country': 'Egypt', 'postalcode': '00000'}","12 Sayed El Bakry street, Zamalek, Cairo 00000 Egypt"
7380820,The Loft Gallery,30.11749,31.28967,6,5,Zamalek,"{'street1': '12 El Sayed El Bakri, Off 26th July Street', 'street2': None, 'city': 'Cairo', 'state': None, 'country': 'Egypt', 'postalcode': '11511'}","12 El Sayed El Bakri, Off 26th July Street, Cairo 11511 Egypt"
16883122,Travel Point,0,0,3,5,al ahram,"{'street1': '300 Pyramids St. El Etihadia Buildings , Giza , Egypt', 'street2': None, 'city': 'Cairo', 'state': None, 'country': 'Egypt', 'postalcode': '11511'}","300 Pyramids St. El Etihadia Buildings , Giza , Egypt, Cairo 11511 Egypt"
6983799,Atef Wassef Silver,30.05048,31.24614,3,5,abdin,"{'street1': '54 Abd El Khalik Sarwat Street', 'street2': None, 'city': 'Cairo', 'state': None, 'country': 'Egypt', 'postalcode': '11511'}","54 Abd El Khalik Sarwat Street, Cairo 11511 Egypt"
17351629,Egypt36,30.03195,31.21147,2,5,el dooki,"{'street1': '148 Haram st, Giza', 'street2': None, 'city': 'Cairo', 'state': None, 'country': 'Egypt', 'postalcode': '2222'}","148 Haram st, Giza, Cairo 2222 Egypt"
15855582,Tours of Cairo,30.0966,31.25363,2,5,al zahar,"{'street1': '22 Adly street', 'street2': None, 'city': 'Cairo', 'state': None, 'country': 'Egypt', 'postalcode': '11511'}","22 Adly street, Cairo 11511 Egypt"
15220283,Egipto Travel,30.00634,31.17996,2,5,al omrnyaa,"{'street1': 'Haram - Giza - Cairo ', 'street2': None, 'city': 'Cairo', 'state': None, 'country': 'Egypt', 'postalcode': '011'}","Haram - Giza - Cairo, Cairo 011 Egypt"
16879144,Jozee Boutique Zamalek,30.13658,31.33076,2,5,salam 1 ,"{'street1': '6A Ismail Mohamed Street, Zamalek, Cairo', 'street2': 'Mohamed Naguib Axis, Silver Star Mall (Al Feda), New Cairo', 'city': 'Cairo', 'state': None, 'country': 'Egypt', 'postalcode': '11511'}","6A Ismail Mohamed Street, Zamalek, Cairo Mohamed Naguib Axis, Silver Star Mall (Al Feda), New Cairo, Cairo 11511 Egypt"
8048761,Sami Amin,30.06273,31.21851,2,5,Zamalek,"{'street1': '15A Al Mansour Mohamed Street', 'street2': 'Off 26 of July Street, Zamalek', 'city': 'Cairo', 'state': None, 'country': 'Egypt', 'postalcode': '11511'}","15A Al Mansour Mohamed Street Off 26 of July Street, Zamalek, Cairo 11511 Egypt"
8619365,Al Wikalah,30.047,31.2602,2,5,al jamalya,"{'street1': '73 Gawhar Al-Qayid St., Khan El Khalili', 'street2': None, 'city': 'Cairo', 'state': None, 'country': 'Egypt', 'postalcode': '11511'}","73 Gawhar Al-Qayid St., Khan El Khalili, Cairo 11511 Egypt"
7252961,Bazar Noobr,29.98,31.2377,2,4.5,dar as-salam,"{'street1': '45 Kornish Alnel St', 'street2': 'Corniche de Aswan', 'city': 'Cairo', 'state': None, 'country': 'Egypt', 'postalcode': '11511'}","45 Kornish Alnel St Corniche de Aswan, Cairo 11511 Egypt"
469444,Dr. Ragab Papyrus Institute,30.09637,31.23769,3,4.5,al sahl,"{'street1': 'Corniche el-Nil', 'street2': '', 'city': 'Cairo', 'state': None, 'country': 'Egypt', 'postalcode': '11511'}","Corniche el-Nil, Cairo 11511 Egypt"
9710100,Bashayer,30.13861,31.24044,2,4.5,el dooki,"{'street1': '58 Mossadak Str', 'street2': 'Dokki', 'city': 'Cairo', 'state': None, 'country': 'Egypt', 'postalcode': '11511'}","58 Mossadak Str Dokki, Cairo 11511 Egypt"
17635743,Universal Travel,30.12602,31.37779,2,4,an-nuzhah,"{'street1': '81 Joseph Tito St.', 'street2': None, 'city': 'Cairo', 'state': None, 'country': 'Egypt', 'postalcode': '11575'}","81 Joseph Tito St., Cairo 11575 Egypt"
2392374,Three Pyramids Bazaar,30.09261,31.33503,16,3,Heliopolis,"{'street1': '22 Abuelhoul St', 'street2': '', 'city': 'Cairo', 'state': None, 'country': 'Egypt', 'postalcode': '11511'}","22 Abuelhoul St, Cairo 11511 Egypt"
553197,Perfume Factory,30.053291,31.332146,149,2.5,Madinat Nasr 1 ,"{'street1': '', 'street2': '', 'city': 'Cairo', 'state': None, 'country': 'Egypt', 'postalcode': ''}",Cairo Egypt
11862731,Halo Tours,30.059502,31.258465,0,0,bab ash shariyah,"{'street1': '9 St Maadi , Cairo', 'street2': '18,Abdelrahman qandil st.', 'city': 'Cairo', 'state': None, 'country': 'Egypt', 'postalcode': '11511'}","9 St Maadi , Cairo 18,Abdelrahman qandil st., Cairo 11511 Egypt"
19916240,Tintera,30.069632,31.22029,0,0,Zamalek,"{'street1': '17 Bahgat Aly Street, Second Floor', 'street2': 'Apartment 14', 'city': 'Cairo', 'state': None, 'country': 'Egypt', 'postalcode': '11511'}","17 Bahgat Aly Street, Second Floor Apartment 14, Cairo 11511 Egypt"
19525499,Marks and Spencer,29.97195,31.40982,0,0,al-qahirah al jadidah 3,"{'street1': 'Citystars Mall', 'street2': None, 'city': 'Cairo', 'state': None, 'country': 'Egypt', 'postalcode': '11511'}","Citystars Mall, Cairo 11511 Egypt"
19524569,Toys 'R' Us,30.08926,31.32217,0,0,Heliopolis,"{'street1': '2 City Star Mall, 4th Floor Ph', 'street2': None, 'city': 'Cairo', 'state': None, 'country': 'Egypt', 'postalcode': '11511'}","2 City Star Mall, 4th Floor Ph, Cairo 11511 Egypt"
19468294,Ateeq Design,30.05982,31.22422,0,0,Zamalek,"{'street1': '1 Sayed El Bakry St., Mohamed Mazhar, Zamalek', 'street2': None, 'city': 'Cairo', 'state': None, 'country': 'Egypt', 'postalcode': '11511'}","1 Sayed El Bakry St., Mohamed Mazhar, Zamalek, Cairo 11511 Egypt"
19314040,Fair Trade Egypt,29.955008,31.273565,0,0,maadi,"{'street1': '205 12 Street', 'street2': 'Maadi As Sarayat Al Gharbeyah', 'city': 'Cairo', 'state': None, 'country': 'Egypt', 'postalcode': '11511'}","205 12 Street Maadi As Sarayat Al Gharbeyah, Cairo 11511 Egypt"
17542843,CairoPolitan,30.09611,31.30443,0,0,az-zaytun,"{'street1': '8 Dar El Shefa Street,', 'street2': None, 'city': 'Cairo', 'state': None, 'country': 'Egypt', 'postalcode': '11519'}","8 Dar El Shefa Street,, Cairo 11519 Egypt"
17438309,Egy Grand Tour,30.06304,31.32704,0,0,Madinat Nasr 1 ,"{'street1': '61 Shabab Street', 'street2': None, 'city': 'Cairo', 'state': None, 'country': 'Egypt', 'postalcode': '11511'}","61 Shabab Street, Cairo 11511 Egypt"
17171997,Planet Tours & Travel,30.12125,31.32645,0,0,ain shams,"{'street1': 'Head Office : 7 El Madina El Monawara St., El Mohandeseen , Giza , Egypt .', 'street2': None, 'city': 'Cairo', 'state': None, 'country': 'Egypt', 'postalcode': '12655'}","Head Office : 7 El Madina El Monawara St., El Mohandeseen , Giza , Egypt ., Cairo 12655 Egypt"
15696035,Horus Tours,30.04434,31.33068,0,0,Madinat Nasr 1 ,"{'street1': '13 Ahmed Foaad St, Nasir City', 'street2': None, 'city': 'Cairo', 'state': None, 'country': 'Egypt', 'postalcode': '11511'}","13 Ahmed Foaad St, Nasir City, Cairo 11511 Egypt"
3864944,Silver Smith,30.0581,31.2289,0,0,bulaq,"{'street1': 'Le meridien Heliopolis Hotel', 'street2': 'Heliopolis', 'city': 'Cairo', 'state': None, 'country': 'Egypt', 'postalcode': '11511'}","Le meridien Heliopolis Hotel Heliopolis, Cairo 11511 Egypt"
3849343,Gallery Finesse,30.08594,31.25987,0,0,al sharbya,"{'street1': '31 Ahmed Fouad St.', 'street2': 'Heliopolis', 'city': 'Cairo', 'state': None, 'country': 'Egypt', 'postalcode': '11511'}","31 Ahmed Fouad St. Heliopolis, Cairo 11511 Egypt"
3849322,Art Corner Gallery,30.06014,31.22279,0,0,Zamalek,"{'street1': '12 El Sayed El Bakry St.', 'street2': 'Zamalek', 'city': 'Cairo', 'state': None, 'country': 'Egypt', 'postalcode': '11511'}","12 El Sayed El Bakry St. Zamalek, Cairo 11511 Egypt"
3849246,Al Noubi For Fine Art,30.13689,31.31017,0,0,al-matariyah,"{'street1': '4 Aly El Kordy St.', 'street2': 'Maadi', 'city': 'Cairo', 'state': None, 'country': 'Egypt', 'postalcode': '11511'}","4 Aly El Kordy St. Maadi, Cairo 11511 Egypt"
3846976,Gezira Art Center,30.15634,31.33355,0,0,al-marj,"{'street1': '1 El Marsafy St.', 'street2': 'Zamalek', 'city': 'Cairo', 'state': None, 'country': 'Egypt', 'postalcode': '11511'}","1 El Marsafy St. Zamalek, Cairo 11511 Egypt"
3846885,Gallery Fathy,30.0789,31.23308,0,0,rud el farag,"{'street1': '231 32 Rd.', 'street2': 'Maadi', 'city': 'Cairo', 'state': None, 'country': 'Egypt', 'postalcode': '11511'}","231 32 Rd. Maadi, Cairo 11511 Egypt"
3846865,Gallery Taji,30.09152,31.32506,0,0,Heliopolis,"{'street1': '19 Baghdad St. Heliopolis', 'street2': None, 'city': 'Cairo', 'state': None, 'country': 'Egypt', 'postalcode': '11511'}","19 Baghdad St. Heliopolis, Cairo 11511 Egypt"
3844116,Ebdaa Art Gallery,30.15101,31.31415,0,0,Zamalek,"{'street1': '23 B Ismail Mohamed St.', 'street2': 'Zamalek', 'city': 'Cairo', 'state': None, 'country': 'Egypt', 'postalcode': '11511'}","23 B Ismail Mohamed St. Zamalek, Cairo 11511 Egypt"
3842345,Gallery Fanous,30.10263,31.291,0,0,al amirya,"{'street1': '173 Brazil St. Intersection Of 26th Of July St.', 'street2': 'Zamalek', 'city': 'Cairo', 'state': None, 'country': 'Egypt', 'postalcode': '11511'}","173 Brazil St. Intersection Of 26th Of July St. Zamalek, Cairo 11511 Egypt"
3842340,El Kenz Gallary,29.97614,31.15311,0,0,al ahram,"{'street1': '70 Rd. 9, Floor 2, Maadi', 'street2': '', 'city': 'Cairo', 'state': None, 'country': 'Egypt', 'postalcode': '11511'}","70 Rd. 9, Floor 2, Maadi, Cairo 11511 Egypt"
3842328,El Khawanky Gallery,0,0,0,0,Madinat Nasr 1 ,"{'street1': '17 B El Obour Bldgs', 'street2': 'Nasr City', 'city': 'Cairo', 'state': None, 'country': 'Egypt', 'postalcode': '11511'}","17 B El Obour Bldgs Nasr City, Cairo 11511 Egypt"
3842321,Artist Sayed El Bibany Atelier,0,0,0,0,darb el ahmar,"{'street1': '45 El Doudeya St. Bab El Khalk', 'street2': None, 'city': 'Cairo', 'state': None, 'country': 'Egypt', 'postalcode': '11511'}","45 El Doudeya St. Bab El Khalk, Cairo 11511 Egypt"
3842315,Falaki Gallery,30.0387,31.234634,0,0,qasr el nile,"{'street1': '113 Kasr El Ainy St.', 'street2': 'Downtown', 'city': 'Cairo', 'state': None, 'country': 'Egypt', 'postalcode': '11511'}","113 Kasr El Ainy St. Downtown, Cairo 11511 Egypt"
3842307,Kamilia Art,30.04883,31.23994,0,0,abdin,"{'street1': '8 El Borsa El Gadida St. Off Kasr El Nil st.', 'street2': 'Downtown', 'city': 'Cairo', 'state': None, 'country': 'Egypt', 'postalcode': '11511'}","8 El Borsa El Gadida St. Off Kasr El Nil st. Downtown, Cairo 11511 Egypt"
3842289,El Batal Gallery,30.127563,31.327087,0,0,ain shams,"{'street1': '76 Ahmed Essmat St.', 'street2': 'Ain Shams', 'city': 'Cairo', 'state': None, 'country': 'Egypt', 'postalcode': '11511'}","76 Ahmed Essmat St. Ain Shams, Cairo 11511 Egypt"
3840323,Egyptian Arts Gallery,0,0,0,0,qasr el nile,"{'street1': '5 Abdel Qader Hamza St. Off Corniche El Nil', 'street2': 'Garden City', 'city': 'Cairo', 'state': None, 'country': 'Egypt', 'postalcode': '11511'}","5 Abdel Qader Hamza St. Off Corniche El Nil Garden City, Cairo 11511 Egypt"
3840320,Modern Nefertiti,30.0213,31.22589,0,0,Misr al qadima,"{'street1': '69 Manial St.', 'street2': 'El Manyal', 'city': 'Cairo', 'state': None, 'country': 'Egypt', 'postalcode': '11511'}","69 Manial St. El Manyal, Cairo 11511 Egypt"
3840310,Salma Art,30.14779,31.42039,0,0,an-nuzhah,"{'street1': '17 El Taamir Bldgs', 'street2': 'Maadi', 'city': 'Cairo', 'state': None, 'country': 'Egypt', 'postalcode': '11511'}","17 El Taamir Bldgs Maadi, Cairo 11511 Egypt"
3840263,Orabi Gallery,30.12671,31.37477,0,0,an-nuzhah,"{'street1': '4 El Sheikh Mohamed Salama St.', 'street2': 'Heliopolis', 'city': 'Cairo', 'state': None, 'country': 'Egypt', 'postalcode': '11511'}","4 El Sheikh Mohamed Salama St. Heliopolis, Cairo 11511 Egypt"
3838119,El Salamlek Art Gallery,0,0,0,0,maadi,"{'street1': '216 61 Rd. 206 Intersection of Rd.', 'street2': 'Maadi', 'city': 'Cairo', 'state': None, 'country': 'Egypt', 'postalcode': '11511'}","216 61 Rd. 206 Intersection of Rd. Maadi, Cairo 11511 Egypt"
3838076,Gauguin Gallery,30.06952,31.22146,0,0,Zamalek,"{'street1': '8 Samir Zaky St.', 'street2': 'Zamalek', 'city': 'Cairo', 'state': None, 'country': 'Egypt', 'postalcode': '11511'}","8 Samir Zaky St. Zamalek, Cairo 11511 Egypt"
3838033,Art Gallery,30.04845,31.25301,0,0,al-muski,"{'street1': '3 Housh El Fahm, off Azhar St.', 'street2': 'Ataba', 'city': 'Cairo', 'state': None, 'country': 'Egypt', 'postalcode': '11511'}","3 Housh El Fahm, off Azhar St. Ataba, Cairo 11511 Egypt"
3838020,Bait Shoury Gallery,30.08718,31.28842,0,0,hadaiq al qubbah,"{'street1': '1 El Sheikh Ghorab St. Hadayek', 'street2': 'El Kobba', 'city': 'Cairo', 'state': None, 'country': 'Egypt', 'postalcode': '11511'}","1 El Sheikh Ghorab St. Hadayek El Kobba, Cairo 11511 Egypt"
3837979,Art Man Gallery,30.06883,31.26731,0,0,al zahar,"{'street1': '283 Ramsis St.', 'street2': 'Ghamrah', 'city': 'Cairo', 'state': None, 'country': 'Egypt', 'postalcode': '11511'}","283 Ramsis St. Ghamrah, Cairo 11511 Egypt"
3836116,Adel Helmi Gallery,30.09014,31.32343,0,0,Heliopolis,"{'street1': '13 Almaza St. Off El Thawra St.', 'street2': 'Heliopolis', 'city': 'Cairo', 'state': None, 'country': 'Egypt', 'postalcode': '11511'}","13 Almaza St. Off El Thawra St. Heliopolis, Cairo 11511 Egypt"
3836089,Al Masar Gallery,0,0,0,0,Zamalek,"{'street1': '0 157 B 26th of July St. Floor', 'street2': 'Zamalek', 'city': 'Cairo', 'state': None, 'country': 'Egypt', 'postalcode': '11511'}","0 157 B 26th of July St. Floor Zamalek, Cairo 11511 Egypt"
3836086,Bakr Khan Design,30.091,31.30449,0,0,Heliopolis,"{'street1': '9 Showikar Bldgs', 'street2': 'Khan El Khalili', 'city': 'Cairo', 'state': None, 'country': 'Egypt', 'postalcode': '11511'}","9 Showikar Bldgs Khan El Khalili, Cairo 11511 Egypt"
3836051,Gallery Hamada,30.049442,31.243603,0,0,abdin,"{'street1': '44 Kasr El Nil St.', 'street2': 'Downtown', 'city': 'Cairo', 'state': None, 'country': 'Egypt', 'postalcode': '11511'}","44 Kasr El Nil St. Downtown, Cairo 11511 Egypt"
3836016,Grant Gallery,29.99526,31.23605,0,0,Misr al qadima,"{'street1': '6 El Gomhoureya St.', 'street2': 'Downtown', 'city': 'Cairo', 'state': None, 'country': 'Egypt', 'postalcode': '11511'}","6 El Gomhoureya St. Downtown, Cairo 11511 Egypt"
3836008,Caeser's Gallery,30.06163,31.22245,0,0,Zamalek,"{'street1': '30 Hassan Assem St.', 'street2': 'Zamalek', 'city': 'Cairo', 'state': None, 'country': 'Egypt', 'postalcode': '11511'}","30 Hassan Assem St. Zamalek, Cairo 11511 Egypt"
3825250,Espace Karim Francis Contemporary Art Gallery,0,0,0,0,Zamalek,"{'street1': '1 El Sharifain St. Bab El Louk', 'street2': None, 'city': 'Cairo', 'state': None, 'country': 'Egypt', 'postalcode': '11511'}","1 El Sharifain St. Bab El Louk, Cairo 11511 Egypt"
3825052,Reda Gallery,30.04854,31.24047,0,0,abdin,"{'street1': '2 El Borsa El Gadida St. Off Kasr El Nil st.', 'street2': 'Downtown', 'city': 'Cairo', 'state': None, 'country': 'Egypt', 'postalcode': '11511'}","2 El Borsa El Gadida St. Off Kasr El Nil st. Downtown, Cairo 11511 Egypt"
3825033,Sally Gallery,30.09782,31.33049,0,0,Heliopolis,"{'street1': '33 Alexandria St.', 'street2': 'Heliopolis', 'city': 'Cairo', 'state': None, 'country': 'Egypt', 'postalcode': '11511'}","33 Alexandria St. Heliopolis, Cairo 11511 Egypt"
3825028,Mashrabeya Gallery,0,0,0,0,qasr el nile,"{'street1': '8 Champillion St.', 'street2': 'Downtown', 'city': 'Cairo', 'state': None, 'country': 'Egypt', 'postalcode': '11511'}","8 Champillion St. Downtown, Cairo 11511 Egypt"
3825017,Rubens Chimchidian,30.04817,31.23919,0,0,abdin,"{'street1': '19 Talaat Harb St.', 'street2': 'Downtown', 'city': 'Cairo', 'state': None, 'country': 'Egypt', 'postalcode': '11511'}","19 Talaat Harb St. Downtown, Cairo 11511 Egypt"
3824879,Bashayerstyle,30.07863,31.34254,0,0,Madinat Nasr 1 ,"{'street1': '33 Melsa Bldgs. Hassan Aflatoun st.', 'street2': 'Heliopolis', 'city': 'Cairo', 'state': None, 'country': 'Egypt', 'postalcode': '11511'}","33 Melsa Bldgs. Hassan Aflatoun st. Heliopolis, Cairo 11511 Egypt"
3824688,Ayyam Gallery Cairo,30.063503,31.3277,0,0,Madinat Nasr 1 ,"{'street1': '19 Abou El Feda St.', 'street2': 'Zamalek', 'city': 'Cairo', 'state': None, 'country': 'Egypt', 'postalcode': '11511'}","19 Abou El Feda St. Zamalek, Cairo 11511 Egypt"
3812066,Gallery Ghazal,30.0972,31.32852,0,0,Heliopolis,"{'street1': '18 Alexandria St. Intersection Of El Mansoura St.', 'street2': 'Heliopolis', 'city': 'Cairo', 'state': None, 'country': 'Egypt', 'postalcode': '11511'}","18 Alexandria St. Intersection Of El Mansoura St. Heliopolis, Cairo 11511 Egypt"
3812047,Mostafa Shedid,30.04988,31.26263,0,0,al jamalya,"{'street1': '3 Khan El Khalili St. Floor', 'street2': 'Khan El Khalili', 'city': 'Cairo', 'state': None, 'country': 'Egypt', 'postalcode': '11511'}","3 Khan El Khalili St. Floor Khan El Khalili, Cairo 11511 Egypt"
3812017,Easel & Camera Contemporary Art Gallery,30.07974,31.26216,0,0,al sharbya,"{'street1': '11 2 Nasr St.', 'street2': 'Maadi', 'city': 'Cairo', 'state': None, 'country': 'Egypt', 'postalcode': '11511'}","11 2 Nasr St. Maadi, Cairo 11511 Egypt"
3811972,Gallery Fann,0,0,0,0,Madinat Nasr 1 ,"{'street1': '12 6 Extension of Abou Dawoud El Zahery St. Nasr City', 'street2': None, 'city': 'Cairo', 'state': None, 'country': 'Egypt', 'postalcode': '11511'}","12 6 Extension of Abou Dawoud El Zahery St. Nasr City, Cairo 11511 Egypt"
3811949,Fine Arts Gallery,30.0601,31.22238,0,0,Zamalek,"{'street1': '173 26th of July St.', 'street2': 'Zamalek', 'city': 'Cairo', 'state': None, 'country': 'Egypt', 'postalcode': '11511'}","173 26th of July St. Zamalek, Cairo 11511 Egypt"
3806180,Black Gallery,30.09493,31.32713,0,0,Heliopolis,"{'street1': '3 Sidi Gaber St. Off Othman Ibn Affan St.', 'street2': 'Heliopolis', 'city': 'Cairo', 'state': None, 'country': 'Egypt', 'postalcode': '11511'}","3 Sidi Gaber St. Off Othman Ibn Affan St. Heliopolis, Cairo 11511 Egypt"
3806156,Gallery Rizq,30.06533,31.350391,0,0,Madinat Nasr 1 ,"{'street1': '14 Ibrahim Nawar St.', 'street2': 'Nasr City', 'city': 'Cairo', 'state': None, 'country': 'Egypt', 'postalcode': '11511'}","14 Ibrahim Nawar St. Nasr City, Cairo 11511 Egypt"
3805921,Safar Khan Gallery,30.06079,31.22221,0,0,Zamalek,"{'street1': '6 Brazil St.', 'street2': 'Zamalek', 'city': 'Cairo', 'state': None, 'country': 'Egypt', 'postalcode': '11511'}","6 Brazil St. Zamalek, Cairo 11511 Egypt"
3805884,Mervat Masaud Gallery,30.06705,31.2184,0,0,Zamalek,"{'street1': '6 Bahgat Aly St.', 'street2': 'Zamalek', 'city': 'Cairo', 'state': None, 'country': 'Egypt', 'postalcode': '11511'}","6 Bahgat Aly St. Zamalek, Cairo 11511 Egypt"
3805820,Gallery Alex Creation,30.0603,31.32929,0,0,Madinat Nasr 1 ,"{'street1': '41 Ahmed Hosny St. Nasr City', 'street2': None, 'city': 'Cairo', 'state': None, 'country': 'Egypt', 'postalcode': '11511'}","41 Ahmed Hosny St. Nasr City, Cairo 11511 Egypt"
3803258,El Khawwas,30.13442,31.32606,0,0,Heliopolis,"{'street1': '27 A El Hegaz St.', 'street2': 'Heliopolis', 'city': 'Cairo', 'state': None, 'country': 'Egypt', 'postalcode': '11511'}","27 A El Hegaz St. Heliopolis, Cairo 11511 Egypt"
3802300,Gallery Wamadat,30.08431,31.18976,0,0,Heliopolis,"{'street1': '21 Ahmed Amin St.', 'street2': 'Heliopolis', 'city': 'Cairo', 'state': None, 'country': 'Egypt', 'postalcode': '11511'}","21 Ahmed Amin St. Heliopolis, Cairo 11511 Egypt"
3802282,Gallery Ayam Zaman,30.09015,31.30474,0,0,Heliopolis,"{'street1': '5 El maqrizy st.', 'street2': 'Zamalek', 'city': 'Cairo', 'state': None, 'country': 'Egypt', 'postalcode': '11511'}","5 El maqrizy st. Zamalek, Cairo 11511 Egypt"
3802264,Samir Barakat Gallery,30.04883,31.23994,0,0,abdin,"{'street1': '8 El Borsa El Gadida St.', 'street2': 'Downtown', 'city': 'Cairo', 'state': None, 'country': 'Egypt', 'postalcode': '11511'}","8 El Borsa El Gadida St. Downtown, Cairo 11511 Egypt"
3748682,Atelier Du Caire,30.04834,31.23782,0,0,qasr el nile,"{'street1': '2 Karim El Dawla St.', 'street2': 'Downtown', 'city': 'Cairo', 'state': None, 'country': 'Egypt', 'postalcode': '11511'}","2 Karim El Dawla St. Downtown, Cairo 11511 Egypt"
3721255,Orient Express Gallery,30.05705,31.2201,0,0,Zamalek,"{'street1': '11 Hassan Sabry St. Zamalek', 'street2': None, 'city': 'Cairo', 'state': None, 'country': 'Egypt', 'postalcode': '11511'}","11 Hassan Sabry St. Zamalek, Cairo 11511 Egypt"
3720962,Bedouin Gallery,0,0,0,0,maadi,"{'street1': '71 Rd. 9, Maadi', 'street2': '', 'city': 'Cairo', 'state': None, 'country': 'Egypt', 'postalcode': '11511'}","71 Rd. 9, Maadi, Cairo 11511 Egypt"
3720958,Nocchio,30.14367,31.3323,0,0,al-marj,"{'street1': '0 32 El Andalus St. Floor', 'street2': '', 'city': 'Cairo', 'state': None, 'country': 'Egypt', 'postalcode': '11511'}","0 32 El Andalus St. Floor, Cairo 11511 Egypt"
3720943,Layaly Gallery,30.10711,31.34139,0,0,an-nuzhah,"{'street1': '92 Abdel Aziz Fahmy St. Heliopolis', 'street2': None, 'city': 'Cairo', 'state': None, 'country': 'Egypt', 'postalcode': '11511'}","92 Abdel Aziz Fahmy St. Heliopolis, Cairo 11511 Egypt"
3720942,Fadel Gallery,0,0,0,0,Zamalek,"{'street1': '157 26th of July St. Zamalek', 'street2': None, 'city': 'Cairo', 'state': None, 'country': 'Egypt', 'postalcode': '11511'}","157 26th of July St. Zamalek, Cairo 11511 Egypt"
3720936,Gallery Cascomry,30.071644,31.243734,0,0,rud el farag,"{'street1': '94 Sayed Dawoud St. Maadi', 'street2': None, 'city': 'Cairo', 'state': None, 'country': 'Egypt', 'postalcode': '11511'}","94 Sayed Dawoud St. Maadi, Cairo 11511 Egypt"
3720935,Gallery Shehab,30.0845,31.33705,0,0,Madinat Nasr 1 ,"{'street1': '10 Salah Magdy St. Heliopolis', 'street2': None, 'city': 'Cairo', 'state': None, 'country': 'Egypt', 'postalcode': '11511'}","10 Salah Magdy St. Heliopolis, Cairo 11511 Egypt"
3720934,Sameh Gallery,30.09593,31.33054,0,0,Heliopolis,"{'street1': '1 Bobastas St. Off El Mansoura St. Heliopolis', 'street2': None, 'city': 'Cairo', 'state': None, 'country': 'Egypt', 'postalcode': '11511'}","1 Bobastas St. Off El Mansoura St. Heliopolis, Cairo 11511 Egypt"
3720933,Heliopolis Gallery,30.09559,31.32781,0,0,Heliopolis,"{'street1': '7 Talkha St. Heliopolis', 'street2': None, 'city': 'Cairo', 'state': None, 'country': 'Egypt', 'postalcode': '11511'}","7 Talkha St. Heliopolis, Cairo 11511 Egypt"
2356206,Cartouches Maker,29.95477,31.22491,0,0,waraq,"{'street1': '10 Talat Harb Street', 'street2': '', 'city': 'Cairo', 'state': None, 'country': 'Egypt', 'postalcode': '11511'}","10 Talat Harb Street, Cairo 11511 Egypt"
553184,Queen of Egypt Papyrus,0,0,0,0,al ahram,"{'street1': 'Abu El Houl St. Nazlet El Samman', 'street2': '', 'city': 'Cairo', 'state': None, 'country': 'Egypt', 'postalcode': '11511'}","Abu El Houl St. Nazlet El Samman, Cairo 11511 Egypt"
469510,Heleal Stones,30.0477,31.26196,0,0,al jamalya,"{'street1': 'Khan Al-Khalili', 'street2': '', 'city': 'Cairo', 'state': None, 'country': 'Egypt', 'postalcode': '11511'}","Khan Al-Khalili, Cairo 11511 Egypt"
